<?xml version="1.0" encoding="UTF-8"?>
<!DOCTYPE suite SYSTEM "http://testng.org/testng-1.0.dtd">

<suite name="Suite">

	<listeners>
        <listener class-name="pages.listeners"/>
        <listener class-name="resources.ExtentReporterNG"/>
	</listeners>
	
	<test name="Validating User Contact us">
		<classes>
			<class name="sprintOptions.TestRunner">
			</class>
		</classes>
	</test>
	<test name="Validating title in the Page">
       	<classes>
      		<class name="Academy.validateTitle"/>
       	</classes>
    </test>
    <test name="App Testing">
       	<classes>
      		<class name="Academy.AppTest"/>
       	</classes>
     </test>
     <test name="Validating navigation Bar">
      	<classes>
      		<class name="Academy.validateNavigationBar"/>
   		</classes>
     </test>
     
</suite>

