<?xml version="1.0" encoding="UTF-8"?>
<!DOCTYPE suite SYSTEM "https://testng.org/testng-1.0.dtd">
<suite name="Suite">
<listeners>
         <listener class-name="pages.listners"/>
         <listener class-name="resources.ExtentReportNG"/>
 </listeners>
 
 <test name="Validating Contactus page">
   <classes>
     <class name="pages.Contactus"/>
   </classes>
 </test>
 <test name="Validating Newsletter page">
   <classes>
     <class name="pages.NewsletterPage"/>
   </classes>
 </test>
 <test name="Validating Navigation page">
   <classes>
     <class name="pages.FooterNavigationPage"/>
   </classes>
 </test>
 
 
  <test thread-count="3" name="Test">
    <classes>
      <class name="pages.Contactus"/>
      <class name="pages.NewsletterPage"/>
      <class name="pages.FooterNavigationPage"/>
    </classes>
  </test> <!-- Test -->
</suite> <!-- Suite -->
